<?xml version="1.0" encoding="UTF-8" standalone="yes"?>
<ns2:ExportManifest xmlns:ns2="http://www.pentaho.com/schema/">
    <ExportManifestInformation exportDate="21-02-2019 04:10:04 UTC" exportBy="admin" rootFolder="/" manifestVersion="2"/>
    
    <ExportManifestSchedule>
        <duration>-1</duration>
        <inputFile>/public/SuiteCRM Analytics/System/Application/keepAlive.ktr</inputFile>
        <jobName>keepAlive</jobName>
        <jobParameters>
            <name>uiPassParam</name>
            <stringValue>HOURS</stringValue>
            <type>string</type>
        </jobParameters>
        <jobParameters>
            <name>ActionAdapterQuartzJob-StreamProvider-InputFile</name>
            <stringValue>/public/SuiteCRM Analytics/System/Application/keepAlive.ktr</stringValue>
            <type>string</type>
        </jobParameters>
        <jobParameters>
            <name>ActionAdapterQuartzJob-ActionUser</name>
            <stringValue>admin</stringValue>
            <type>string</type>
        </jobParameters>
        <jobParameters>
            <name>lineage-id</name>
            <stringValue>b29c1724-0dbb-415b-9d67-9fc22a52b70d</stringValue>
            <type>string</type>
        </jobParameters>
        <jobParameters>
            <name>ActionAdapterQuartzJob-ActionId</name>
            <stringValue>ktr.backgroundExecution</stringValue>
            <type>string</type>
        </jobParameters>
        <jobParameters>
            <name>transformation</name>
            <stringValue>keepAlive</stringValue>
            <type>string</type>
        </jobParameters>
        <jobParameters>
            <name>directory</name>
            <stringValue>public/SuiteCRM Analytics/System/Application</stringValue>
            <type>string</type>
        </jobParameters>
        <jobState>NORMAL</jobState>
        <outputFile>/home/admin/keepAlive.*</outputFile>
        <pdiParameters/>
        <simpleJobTrigger>
            <duration>-1</duration>
            <startTime>2019-02-21T15:00:00Z</startTime>
            <uiPassParam>HOURS</uiPassParam>
            <repeatCount>-1</repeatCount>
            <repeatInterval>10800</repeatInterval>
        </simpleJobTrigger>
    </ExportManifestSchedule>
    
    <ExportManifestDatasource>
        <accessType>JNDI</accessType>
        <accessTypeValue>JNDI</accessTypeValue>
        <attributes>
            <entry>
                <key>PORT_NUMBER</key>
                <value>0</value>
            </entry>
        </attributes>
        <changed>false</changed>
        <connectSql></connectSql>
        <connectionPoolingProperties/>
        <dataTablespace></dataTablespace>
        <databaseName>SuiteCRMAnalytics</databaseName>
        <databasePort>0</databasePort>
        <databaseType>
            <defaultDatabasePort>3306</defaultDatabasePort>
            <extraOptionsHelpUrl>http://dev.mysql.com/doc/refman/5.0/en/connector-j-reference-configuration-properties.html</extraOptionsHelpUrl>
            <name>MySQL</name>
            <shortName>MYSQL</shortName>
            <supportedAccessTypes>NATIVE</supportedAccessTypes>
            <supportedAccessTypes>ODBC</supportedAccessTypes>
            <supportedAccessTypes>JNDI</supportedAccessTypes>
        </databaseType>
        <extraOptions/>
        <extraOptionsOrder/>
        <forcingIdentifiersToLowerCase>false</forcingIdentifiersToLowerCase>
        <forcingIdentifiersToUpperCase>false</forcingIdentifiersToUpperCase>
        <hostname></hostname>
        <id>697f9392-33de-42d3-b3c4-a6453d0dfb78</id>
        <indexTablespace></indexTablespace>
        <informixServername></informixServername>
        <initialPoolSize>0</initialPoolSize>
        <maximumPoolSize>0</maximumPoolSize>
        <name>SuiteCRMAnalytics</name>
        <partitioned>false</partitioned>
        <password></password>
        <quoteAllFields>false</quoteAllFields>
        <streamingResults>false</streamingResults>
        <username>suitecrmrootuser@178.62.93.222</username>
        <usingConnectionPool>true</usingConnectionPool>
        <usingDoubleDecimalAsSchemaTableSeparator>false</usingDoubleDecimalAsSchemaTableSeparator>
    </ExportManifestDatasource>
</ns2:ExportManifest>
