<?xml version="1.0" encoding="UTF-8" standalone="yes"?>
<ns2:ExportManifest xmlns:ns2="http://www.pentaho.com/schema/">
    <ExportManifestInformation exportDate="10-04-2019 01:23:28 UTC" exportBy="admin" rootFolder="/public/" manifestVersion="2"/>
    <ExportManifestEntity path="SuiteCRM Analytics">
        <ExportManifestProperty>
            <EntityMetaData name="SuiteCRM Analytics" createdDate="2019-02-12T12:03:09.272Z" isFolder="true" path="SuiteCRM Analytics" isHidden="false" isSchedulable="true" locale="en_GB" title="SuiteCRM Analytics"/>
        </ExportManifestProperty>
        <ExportManifestProperty>
            <EntityAcl>
                <entriesInheriting>true</entriesInheriting>
                <owner>admin</owner>
                <ownerType>USER</ownerType>
            </EntityAcl>
        </ExportManifestProperty>
    </ExportManifestEntity>
    <ExportManifestEntity path="SuiteCRM Analytics/Dashboards">
        <ExportManifestProperty>
            <EntityMetaData name="Dashboards" createdDate="2019-02-12T12:03:09.339Z" isFolder="true" path="SuiteCRM Analytics/Dashboards" isHidden="false" isSchedulable="true" locale="en_GB" title="Dashboards"/>
        </ExportManifestProperty>
        <ExportManifestProperty>
            <EntityAcl>
                <entriesInheriting>true</entriesInheriting>
                <owner>admin</owner>
                <ownerType>USER</ownerType>
            </EntityAcl>
        </ExportManifestProperty>
    </ExportManifestEntity>
    <ExportManifestEntity path="SuiteCRM Analytics/Dashboards/DashboardTemplate.cda">
        <ExportManifestProperty>
            <EntityMetaData name="DashboardTemplate.cda" createdDate="2019-02-12T12:03:09.575Z" isFolder="false" path="SuiteCRM Analytics/Dashboards/DashboardTemplate.cda" isHidden="false" isSchedulable="true" locale="en_GB" title="DashboardTemplate"/>
        </ExportManifestProperty>
        <ExportManifestProperty>
            <EntityAcl>
                <entriesInheriting>true</entriesInheriting>
                <owner>admin</owner>
                <ownerType>USER</ownerType>
            </EntityAcl>
        </ExportManifestProperty>
    </ExportManifestEntity>
    <ExportManifestEntity path="SuiteCRM Analytics/Dashboards/DashboardTemplate.cdfde">
        <ExportManifestProperty>
            <EntityMetaData name="DashboardTemplate.cdfde" createdDate="2019-02-12T12:03:09.674Z" isFolder="false" path="SuiteCRM Analytics/Dashboards/DashboardTemplate.cdfde" isHidden="false" isSchedulable="true" locale="en_GB" title="DashboardTemplate.cdfde"/>
        </ExportManifestProperty>
        <ExportManifestProperty>
            <EntityAcl>
                <entriesInheriting>true</entriesInheriting>
                <owner>admin</owner>
                <ownerType>USER</ownerType>
            </EntityAcl>
        </ExportManifestProperty>
    </ExportManifestEntity>
    <ExportManifestEntity path="SuiteCRM Analytics/Dashboards/DashboardTemplate.wcdf">
        <ExportManifestProperty>
            <EntityMetaData name="DashboardTemplate.wcdf" createdDate="2019-02-12T12:03:09.416Z" isFolder="false" path="SuiteCRM Analytics/Dashboards/DashboardTemplate.wcdf" isHidden="false" isSchedulable="true" locale="en_GB" title="DashboardTemplate.wcdf"/>
        </ExportManifestProperty>
        <ExportManifestProperty>
            <EntityAcl>
                <entriesInheriting>true</entriesInheriting>
                <owner>admin</owner>
                <ownerType>USER</ownerType>
            </EntityAcl>
        </ExportManifestProperty>
    </ExportManifestEntity>
    <ExportManifestEntity path="SuiteCRM Analytics/Dashboards/LeadPerformanceDashboard.cda">
        <ExportManifestProperty>
            <EntityMetaData name="LeadPerformanceDashboard.cda" createdDate="2019-02-16T12:18:41.335Z" isFolder="false" path="SuiteCRM Analytics/Dashboards/LeadPerformanceDashboard.cda" isHidden="false" isSchedulable="true" locale="en_GB" title="LeadPerformanceDashboard.cda"/>
        </ExportManifestProperty>
        <ExportManifestProperty>
            <EntityAcl>
                <entriesInheriting>true</entriesInheriting>
                <owner>admin</owner>
                <ownerType>USER</ownerType>
            </EntityAcl>
        </ExportManifestProperty>
    </ExportManifestEntity>
    <ExportManifestEntity path="SuiteCRM Analytics/Dashboards/LeadPerformanceDashboard.cdfde">
        <ExportManifestProperty>
            <EntityMetaData name="LeadPerformanceDashboard.cdfde" createdDate="2019-02-16T12:15:38.262Z" isFolder="false" path="SuiteCRM Analytics/Dashboards/LeadPerformanceDashboard.cdfde" isHidden="false" isSchedulable="true" locale="en_GB" title="LeadPerformanceDashboard.cdfde"/>
        </ExportManifestProperty>
        <ExportManifestProperty>
            <EntityAcl>
                <entriesInheriting>true</entriesInheriting>
                <owner>admin</owner>
                <ownerType>USER</ownerType>
            </EntityAcl>
        </ExportManifestProperty>
    </ExportManifestEntity>
    <ExportManifestEntity path="SuiteCRM Analytics/Dashboards/LeadPerformanceDashboard.wcdf">
        <ExportManifestProperty>
            <EntityMetaData name="LeadPerformanceDashboard.wcdf" createdDate="2019-02-16T12:15:38.168Z" isFolder="false" path="SuiteCRM Analytics/Dashboards/LeadPerformanceDashboard.wcdf" isHidden="false" isSchedulable="true" locale="en_GB" description="Case Management" title="Lead Performance Dashboard"/>
        </ExportManifestProperty>
        <ExportManifestProperty>
            <EntityAcl>
                <entriesInheriting>true</entriesInheriting>
                <owner>admin</owner>
                <ownerType>USER</ownerType>
            </EntityAcl>
        </ExportManifestProperty>
    </ExportManifestEntity>
    <ExportManifestEntity path="SuiteCRM Analytics/Dashboards/Opportunity Performance_performanceMetricDot.js">
        <ExportManifestProperty>
            <EntityMetaData name="Opportunity Performance_performanceMetricDot.js" createdDate="2019-02-12T12:05:47.291Z" isFolder="false" path="SuiteCRM Analytics/Dashboards/Opportunity Performance_performanceMetricDot.js" isHidden="false" isSchedulable="true" locale="en_GB" title="Opportunity Performance_performanceMetricDot.js"/>
        </ExportManifestProperty>
        <ExportManifestProperty>
            <EntityAcl>
                <entriesInheriting>true</entriesInheriting>
                <owner>admin</owner>
                <ownerType>USER</ownerType>
            </EntityAcl>
        </ExportManifestProperty>
    </ExportManifestEntity>
    <ExportManifestEntity path="SuiteCRM Analytics/Dashboards/ReportDashboard.cdfde">
        <ExportManifestProperty>
            <EntityMetaData name="ReportDashboard.cdfde" createdDate="2019-02-12T12:03:09.907Z" isFolder="false" path="SuiteCRM Analytics/Dashboards/ReportDashboard.cdfde" isHidden="false" isSchedulable="true" locale="en_GB" title="ReportDashboard.cdfde"/>
        </ExportManifestProperty>
        <ExportManifestProperty>
            <EntityAcl>
                <entriesInheriting>true</entriesInheriting>
                <owner>admin</owner>
                <ownerType>USER</ownerType>
            </EntityAcl>
        </ExportManifestProperty>
    </ExportManifestEntity>
    <ExportManifestEntity path="SuiteCRM Analytics/Dashboards/ReportDashboard.wcdf">
        <ExportManifestProperty>
            <EntityMetaData name="ReportDashboard.wcdf" createdDate="2019-02-12T12:03:09.786Z" isFolder="false" path="SuiteCRM Analytics/Dashboards/ReportDashboard.wcdf" isHidden="false" isSchedulable="true" locale="en_GB" title="ReportDashboard.wcdf"/>
        </ExportManifestProperty>
        <ExportManifestProperty>
            <EntityAcl>
                <entriesInheriting>true</entriesInheriting>
                <owner>admin</owner>
                <ownerType>USER</ownerType>
            </EntityAcl>
        </ExportManifestProperty>
    </ExportManifestEntity>
    <ExportManifestEntity path="SuiteCRM Analytics/Dashboards/caseManagement.cdfde">
        <ExportManifestProperty>
            <EntityMetaData name="caseManagement.cdfde" createdDate="2019-02-12T12:05:47.351Z" isFolder="false" path="SuiteCRM Analytics/Dashboards/caseManagement.cdfde" isHidden="false" isSchedulable="true" locale="en_GB" title="caseManagement.cdfde"/>
        </ExportManifestProperty>
        <ExportManifestProperty>
            <EntityAcl>
                <entriesInheriting>true</entriesInheriting>
                <owner>admin</owner>
                <ownerType>USER</ownerType>
            </EntityAcl>
        </ExportManifestProperty>
    </ExportManifestEntity>
    <ExportManifestEntity path="SuiteCRM Analytics/Dashboards/caseManagement.wcdf">
        <ExportManifestProperty>
            <EntityMetaData name="caseManagement.wcdf" createdDate="2019-02-12T12:05:47.209Z" isFolder="false" path="SuiteCRM Analytics/Dashboards/caseManagement.wcdf" isHidden="false" isSchedulable="true" locale="en_GB" title="caseManagement.wcdf"/>
        </ExportManifestProperty>
        <ExportManifestProperty>
            <EntityAcl>
                <entriesInheriting>true</entriesInheriting>
                <owner>admin</owner>
                <ownerType>USER</ownerType>
            </EntityAcl>
        </ExportManifestProperty>
    </ExportManifestEntity>
    <ExportManifestEntity path="SuiteCRM Analytics/Development">
        <ExportManifestProperty>
            <EntityMetaData name="Development" createdDate="2019-02-12T12:03:09.987Z" isFolder="true" path="SuiteCRM Analytics/Development" isHidden="false" isSchedulable="true" locale="en_GB" title="Development"/>
        </ExportManifestProperty>
        <ExportManifestProperty>
            <EntityAcl>
                <entriesInheriting>true</entriesInheriting>
                <owner>admin</owner>
                <ownerType>USER</ownerType>
            </EntityAcl>
        </ExportManifestProperty>
    </ExportManifestEntity>
    <ExportManifestEntity path="SuiteCRM Analytics/Development/Dashboards">
        <ExportManifestProperty>
            <EntityMetaData name="Dashboards" createdDate="2019-02-12T12:03:10.072Z" isFolder="true" path="SuiteCRM Analytics/Development/Dashboards" isHidden="false" isSchedulable="true" locale="en_GB" title="Dashboards"/>
        </ExportManifestProperty>
        <ExportManifestProperty>
            <EntityAcl>
                <entriesInheriting>true</entriesInheriting>
                <owner>admin</owner>
                <ownerType>USER</ownerType>
            </EntityAcl>
        </ExportManifestProperty>
    </ExportManifestEntity>
    <ExportManifestEntity path="SuiteCRM Analytics/Development/Dashboards/CommonReportFiltersComponent.cdfde">
        <ExportManifestProperty>
            <EntityMetaData name="CommonReportFiltersComponent.cdfde" createdDate="2019-02-12T12:03:10.200Z" isFolder="false" path="SuiteCRM Analytics/Development/Dashboards/CommonReportFiltersComponent.cdfde" isHidden="false" isSchedulable="true" locale="en_GB" title="CommonReportFiltersComponent.cdfde"/>
        </ExportManifestProperty>
        <ExportManifestProperty>
            <EntityAcl>
                <entriesInheriting>true</entriesInheriting>
                <owner>admin</owner>
                <ownerType>USER</ownerType>
            </EntityAcl>
        </ExportManifestProperty>
    </ExportManifestEntity>
    <ExportManifestEntity path="SuiteCRM Analytics/Development/Dashboards/CommonReportFiltersComponent.wcdf">
        <ExportManifestProperty>
            <EntityMetaData name="CommonReportFiltersComponent.wcdf" createdDate="2019-02-12T12:03:10.112Z" isFolder="false" path="SuiteCRM Analytics/Development/Dashboards/CommonReportFiltersComponent.wcdf" isHidden="false" isSchedulable="true" locale="en_GB" title="CommonReportFiltersComponent.wcdf"/>
        </ExportManifestProperty>
        <ExportManifestProperty>
            <EntityAcl>
                <entriesInheriting>true</entriesInheriting>
                <owner>admin</owner>
                <ownerType>USER</ownerType>
            </EntityAcl>
        </ExportManifestProperty>
    </ExportManifestEntity>
    <ExportManifestEntity path="SuiteCRM Analytics/Development/Dashboards/Executive Dashboard.cda">
        <ExportManifestProperty>
            <EntityMetaData name="Executive Dashboard.cda" createdDate="2019-02-12T12:03:10.307Z" isFolder="false" path="SuiteCRM Analytics/Development/Dashboards/Executive Dashboard.cda" isHidden="false" isSchedulable="true" locale="en_GB" title="Executive Dashboard"/>
        </ExportManifestProperty>
        <ExportManifestProperty>
            <EntityAcl>
                <entriesInheriting>true</entriesInheriting>
                <owner>admin</owner>
                <ownerType>USER</ownerType>
            </EntityAcl>
        </ExportManifestProperty>
    </ExportManifestEntity>
    <ExportManifestEntity path="SuiteCRM Analytics/Development/Dashboards/Executive Dashboard.cdfde">
        <ExportManifestProperty>
            <EntityMetaData name="Executive Dashboard.cdfde" createdDate="2019-02-12T12:03:10.398Z" isFolder="false" path="SuiteCRM Analytics/Development/Dashboards/Executive Dashboard.cdfde" isHidden="false" isSchedulable="true" locale="en_GB" title="Executive Dashboard.cdfde"/>
        </ExportManifestProperty>
        <ExportManifestProperty>
            <EntityAcl>
                <entriesInheriting>true</entriesInheriting>
                <owner>admin</owner>
                <ownerType>USER</ownerType>
            </EntityAcl>
        </ExportManifestProperty>
    </ExportManifestEntity>
    <ExportManifestEntity path="SuiteCRM Analytics/Development/Dashboards/Executive Dashboard.wcdf">
        <ExportManifestProperty>
            <EntityMetaData name="Executive Dashboard.wcdf" createdDate="2019-02-12T12:03:10.541Z" isFolder="false" path="SuiteCRM Analytics/Development/Dashboards/Executive Dashboard.wcdf" isHidden="false" isSchedulable="true" locale="en_GB" title="Executive Dashboard.wcdf"/>
        </ExportManifestProperty>
        <ExportManifestProperty>
            <EntityAcl>
                <entriesInheriting>true</entriesInheriting>
                <owner>admin</owner>
                <ownerType>USER</ownerType>
            </EntityAcl>
        </ExportManifestProperty>
    </ExportManifestEntity>
    <ExportManifestEntity path="SuiteCRM Analytics/Development/Dashboards/MasterReportDashboard.cdfde">
        <ExportManifestProperty>
            <EntityMetaData name="MasterReportDashboard.cdfde" createdDate="2019-02-12T12:03:10.733Z" isFolder="false" path="SuiteCRM Analytics/Development/Dashboards/MasterReportDashboard.cdfde" isHidden="false" isSchedulable="true" locale="en_GB" title="MasterReportDashboard.cdfde"/>
        </ExportManifestProperty>
        <ExportManifestProperty>
            <EntityAcl>
                <entriesInheriting>true</entriesInheriting>
                <owner>admin</owner>
                <ownerType>USER</ownerType>
            </EntityAcl>
        </ExportManifestProperty>
    </ExportManifestEntity>
    <ExportManifestEntity path="SuiteCRM Analytics/Development/Dashboards/MasterReportDashboard.wcdf">
        <ExportManifestProperty>
            <EntityMetaData name="MasterReportDashboard.wcdf" createdDate="2019-02-12T12:03:10.630Z" isFolder="false" path="SuiteCRM Analytics/Development/Dashboards/MasterReportDashboard.wcdf" isHidden="false" isSchedulable="true" locale="en_GB" title="MasterReportDashboard.wcdf"/>
        </ExportManifestProperty>
        <ExportManifestProperty>
            <EntityAcl>
                <entriesInheriting>true</entriesInheriting>
                <owner>admin</owner>
                <ownerType>USER</ownerType>
            </EntityAcl>
        </ExportManifestProperty>
    </ExportManifestEntity>
    <ExportManifestEntity path="SuiteCRM Analytics/Development/Dashboards/NonRequireJSTheme.cdfde">
        <ExportManifestProperty>
            <EntityMetaData name="NonRequireJSTheme.cdfde" createdDate="2019-02-12T12:03:10.901Z" isFolder="false" path="SuiteCRM Analytics/Development/Dashboards/NonRequireJSTheme.cdfde" isHidden="false" isSchedulable="true" locale="en_GB" title="NonRequireJSTheme.cdfde"/>
        </ExportManifestProperty>
        <ExportManifestProperty>
            <EntityAcl>
                <entriesInheriting>true</entriesInheriting>
                <owner>admin</owner>
                <ownerType>USER</ownerType>
            </EntityAcl>
        </ExportManifestProperty>
    </ExportManifestEntity>
    <ExportManifestEntity path="SuiteCRM Analytics/Development/Dashboards/NonRequireJSTheme.wcdf">
        <ExportManifestProperty>
            <EntityMetaData name="NonRequireJSTheme.wcdf" createdDate="2019-02-12T12:03:10.826Z" isFolder="false" path="SuiteCRM Analytics/Development/Dashboards/NonRequireJSTheme.wcdf" isHidden="false" isSchedulable="true" locale="en_GB" title="NonRequireJSTheme.wcdf"/>
        </ExportManifestProperty>
        <ExportManifestProperty>
            <EntityAcl>
                <entriesInheriting>true</entriesInheriting>
                <owner>admin</owner>
                <ownerType>USER</ownerType>
            </EntityAcl>
        </ExportManifestProperty>
    </ExportManifestEntity>
    <ExportManifestEntity path="SuiteCRM Analytics/Development/Dashboards/Opportunity Performance.cda">
        <ExportManifestProperty>
            <EntityMetaData name="Opportunity Performance.cda" createdDate="2019-02-12T12:03:10.982Z" isFolder="false" path="SuiteCRM Analytics/Development/Dashboards/Opportunity Performance.cda" isHidden="false" isSchedulable="true" locale="en_GB" title="Opportunity Performance"/>
        </ExportManifestProperty>
        <ExportManifestProperty>
            <EntityAcl>
                <entriesInheriting>true</entriesInheriting>
                <owner>admin</owner>
                <ownerType>USER</ownerType>
            </EntityAcl>
        </ExportManifestProperty>
    </ExportManifestEntity>
    <ExportManifestEntity path="SuiteCRM Analytics/Development/Dashboards/Opportunity Performance.cdfde">
        <ExportManifestProperty>
            <EntityMetaData name="Opportunity Performance.cdfde" createdDate="2019-02-12T12:03:11.105Z" isFolder="false" path="SuiteCRM Analytics/Development/Dashboards/Opportunity Performance.cdfde" isHidden="false" isSchedulable="true" locale="en_GB" title="Opportunity Performance.cdfde"/>
        </ExportManifestProperty>
        <ExportManifestProperty>
            <EntityAcl>
                <entriesInheriting>true</entriesInheriting>
                <owner>admin</owner>
                <ownerType>USER</ownerType>
            </EntityAcl>
        </ExportManifestProperty>
    </ExportManifestEntity>
    <ExportManifestEntity path="SuiteCRM Analytics/Development/Dashboards/Opportunity Performance.wcdf">
        <ExportManifestProperty>
            <EntityMetaData name="Opportunity Performance.wcdf" createdDate="2019-02-12T12:03:11.189Z" isFolder="false" path="SuiteCRM Analytics/Development/Dashboards/Opportunity Performance.wcdf" isHidden="false" isSchedulable="true" locale="en_GB" title="Opportunity Performance.wcdf"/>
        </ExportManifestProperty>
        <ExportManifestProperty>
            <EntityAcl>
                <entriesInheriting>true</entriesInheriting>
                <owner>admin</owner>
                <ownerType>USER</ownerType>
            </EntityAcl>
        </ExportManifestProperty>
    </ExportManifestEntity>
    <ExportManifestEntity path="SuiteCRM Analytics/Development/Dashboards/Opportunity Performance_performanceMetricDot.js">
        <ExportManifestProperty>
            <EntityMetaData name="Opportunity Performance_performanceMetricDot.js" createdDate="2019-02-12T12:03:11.293Z" isFolder="false" path="SuiteCRM Analytics/Development/Dashboards/Opportunity Performance_performanceMetricDot.js" isHidden="false" isSchedulable="true" locale="en_GB" title="Opportunity Performance_performanceMetricDot.js"/>
        </ExportManifestProperty>
        <ExportManifestProperty>
            <EntityAcl>
                <entriesInheriting>true</entriesInheriting>
                <owner>admin</owner>
                <ownerType>USER</ownerType>
            </EntityAcl>
        </ExportManifestProperty>
    </ExportManifestEntity>
    <ExportManifestEntity path="SuiteCRM Analytics/Development/Dashboards/OtherCommonReportFiltersComponent.cdfde">
        <ExportManifestProperty>
            <EntityMetaData name="OtherCommonReportFiltersComponent.cdfde" createdDate="2019-02-12T12:03:11.467Z" isFolder="false" path="SuiteCRM Analytics/Development/Dashboards/OtherCommonReportFiltersComponent.cdfde" isHidden="false" isSchedulable="true" locale="en_GB" title="OtherCommonReportFiltersComponent.cdfde"/>
        </ExportManifestProperty>
        <ExportManifestProperty>
            <EntityAcl>
                <entriesInheriting>true</entriesInheriting>
                <owner>admin</owner>
                <ownerType>USER</ownerType>
            </EntityAcl>
        </ExportManifestProperty>
    </ExportManifestEntity>
    <ExportManifestEntity path="SuiteCRM Analytics/Development/Dashboards/OtherCommonReportFiltersComponent.wcdf">
        <ExportManifestProperty>
            <EntityMetaData name="OtherCommonReportFiltersComponent.wcdf" createdDate="2019-02-12T12:03:11.380Z" isFolder="false" path="SuiteCRM Analytics/Development/Dashboards/OtherCommonReportFiltersComponent.wcdf" isHidden="false" isSchedulable="true" locale="en_GB" title="OtherCommonReportFiltersComponent.wcdf"/>
        </ExportManifestProperty>
        <ExportManifestProperty>
            <EntityAcl>
                <entriesInheriting>true</entriesInheriting>
                <owner>admin</owner>
                <ownerType>USER</ownerType>
            </EntityAcl>
        </ExportManifestProperty>
    </ExportManifestEntity>
    <ExportManifestEntity path="SuiteCRM Analytics/Development/Dashboards/TemplateDashboard.cda">
        <ExportManifestProperty>
            <EntityMetaData name="TemplateDashboard.cda" createdDate="2019-02-12T12:03:11.550Z" isFolder="false" path="SuiteCRM Analytics/Development/Dashboards/TemplateDashboard.cda" isHidden="false" isSchedulable="true" locale="en_GB" title="TemplateDashboard"/>
        </ExportManifestProperty>
        <ExportManifestProperty>
            <EntityAcl>
                <entriesInheriting>true</entriesInheriting>
                <owner>admin</owner>
                <ownerType>USER</ownerType>
            </EntityAcl>
        </ExportManifestProperty>
    </ExportManifestEntity>
    <ExportManifestEntity path="SuiteCRM Analytics/Development/Dashboards/TemplateDashboard.cdfde">
        <ExportManifestProperty>
            <EntityMetaData name="TemplateDashboard.cdfde" createdDate="2019-02-12T12:03:11.636Z" isFolder="false" path="SuiteCRM Analytics/Development/Dashboards/TemplateDashboard.cdfde" isHidden="false" isSchedulable="true" locale="en_GB" title="TemplateDashboard.cdfde"/>
        </ExportManifestProperty>
        <ExportManifestProperty>
            <EntityAcl>
                <entriesInheriting>true</entriesInheriting>
                <owner>admin</owner>
                <ownerType>USER</ownerType>
            </EntityAcl>
        </ExportManifestProperty>
    </ExportManifestEntity>
    <ExportManifestEntity path="SuiteCRM Analytics/Development/Dashboards/TemplateDashboard.wcdf">
        <ExportManifestProperty>
            <EntityMetaData name="TemplateDashboard.wcdf" createdDate="2019-02-12T12:03:11.727Z" isFolder="false" path="SuiteCRM Analytics/Development/Dashboards/TemplateDashboard.wcdf" isHidden="false" isSchedulable="true" locale="en_GB" title="TemplateDashboard.wcdf"/>
        </ExportManifestProperty>
        <ExportManifestProperty>
            <EntityAcl>
                <entriesInheriting>true</entriesInheriting>
                <owner>admin</owner>
                <ownerType>USER</ownerType>
            </EntityAcl>
        </ExportManifestProperty>
    </ExportManifestEntity>
    <ExportManifestEntity path="SuiteCRM Analytics/Development/Dashboards/TestIvyUITheme.cdfde">
        <ExportManifestProperty>
            <EntityMetaData name="TestIvyUITheme.cdfde" createdDate="2019-02-12T12:03:11.915Z" isFolder="false" path="SuiteCRM Analytics/Development/Dashboards/TestIvyUITheme.cdfde" isHidden="false" isSchedulable="true" locale="en_GB" title="TestIvyUITheme.cdfde"/>
        </ExportManifestProperty>
        <ExportManifestProperty>
            <EntityAcl>
                <entriesInheriting>true</entriesInheriting>
                <owner>admin</owner>
                <ownerType>USER</ownerType>
            </EntityAcl>
        </ExportManifestProperty>
    </ExportManifestEntity>
    <ExportManifestEntity path="SuiteCRM Analytics/Development/Dashboards/TestIvyUITheme.wcdf">
        <ExportManifestProperty>
            <EntityMetaData name="TestIvyUITheme.wcdf" createdDate="2019-02-12T12:03:11.828Z" isFolder="false" path="SuiteCRM Analytics/Development/Dashboards/TestIvyUITheme.wcdf" isHidden="false" isSchedulable="true" locale="en_GB" title="TestIvyUITheme.wcdf"/>
        </ExportManifestProperty>
        <ExportManifestProperty>
            <EntityAcl>
                <entriesInheriting>true</entriesInheriting>
                <owner>admin</owner>
                <ownerType>USER</ownerType>
            </EntityAcl>
        </ExportManifestProperty>
    </ExportManifestEntity>
    <ExportManifestEntity path="SuiteCRM Analytics/Development/Dashboards/performanceMetricDot.js">
        <ExportManifestProperty>
            <EntityMetaData name="performanceMetricDot.js" createdDate="2019-02-12T12:03:12.005Z" isFolder="false" path="SuiteCRM Analytics/Development/Dashboards/performanceMetricDot.js" isHidden="false" isSchedulable="true" locale="en_GB" title="performanceMetricDot.js"/>
        </ExportManifestProperty>
        <ExportManifestProperty>
            <EntityAcl>
                <entriesInheriting>true</entriesInheriting>
                <owner>admin</owner>
                <ownerType>USER</ownerType>
            </EntityAcl>
        </ExportManifestProperty>
    </ExportManifestEntity>
    <ExportManifestEntity path="SuiteCRM Analytics/Development/Reports">
        <ExportManifestProperty>
            <EntityMetaData name="Reports" createdDate="2019-02-12T12:03:12.087Z" isFolder="true" path="SuiteCRM Analytics/Development/Reports" isHidden="false" isSchedulable="true" locale="en_GB" title="Reports"/>
        </ExportManifestProperty>
        <ExportManifestProperty>
            <EntityAcl>
                <entriesInheriting>true</entriesInheriting>
                <owner>admin</owner>
                <ownerType>USER</ownerType>
            </EntityAcl>
        </ExportManifestProperty>
    </ExportManifestEntity>
    <ExportManifestEntity path="SuiteCRM Analytics/Development/Reports/AgentPerformance.prpt">
        <ExportManifestProperty>
            <EntityMetaData name="AgentPerformance.prpt" createdDate="2019-02-12T12:03:12.206Z" isFolder="false" path="SuiteCRM Analytics/Development/Reports/AgentPerformance.prpt" isHidden="false" isSchedulable="true" locale="en_GB" title="AgentPerformance"/>
        </ExportManifestProperty>
        <ExportManifestProperty>
            <EntityAcl>
                <entriesInheriting>true</entriesInheriting>
                <owner>admin</owner>
                <ownerType>USER</ownerType>
            </EntityAcl>
        </ExportManifestProperty>
    </ExportManifestEntity>
    <ExportManifestEntity path="SuiteCRM Analytics/Development/Reports/AgentPerformanceStyle2.prpt">
        <ExportManifestProperty>
            <EntityMetaData name="AgentPerformanceStyle2.prpt" createdDate="2019-02-12T12:03:12.382Z" isFolder="false" path="SuiteCRM Analytics/Development/Reports/AgentPerformanceStyle2.prpt" isHidden="false" isSchedulable="true" locale="en_GB" title="AgentPerformanceStyle2"/>
        </ExportManifestProperty>
        <ExportManifestProperty>
            <EntityAcl>
                <entriesInheriting>true</entriesInheriting>
                <owner>admin</owner>
                <ownerType>USER</ownerType>
            </EntityAcl>
        </ExportManifestProperty>
    </ExportManifestEntity>
    <ExportManifestEntity path="SuiteCRM Analytics/Development/Reports/AnnualSalesReport.prpt">
        <ExportManifestProperty>
            <EntityMetaData name="AnnualSalesReport.prpt" createdDate="2019-02-12T12:03:12.572Z" isFolder="false" path="SuiteCRM Analytics/Development/Reports/AnnualSalesReport.prpt" isHidden="false" isSchedulable="true" locale="en_GB" title="AnnualSalesReport"/>
        </ExportManifestProperty>
        <ExportManifestProperty>
            <EntityAcl>
                <entriesInheriting>true</entriesInheriting>
                <owner>admin</owner>
                <ownerType>USER</ownerType>
            </EntityAcl>
        </ExportManifestProperty>
    </ExportManifestEntity>
    <ExportManifestEntity path="SuiteCRM Analytics/Development/Reports/CampaignPerformance.prpt">
        <ExportManifestProperty>
            <EntityMetaData name="CampaignPerformance.prpt" createdDate="2019-02-12T12:03:12.691Z" isFolder="false" path="SuiteCRM Analytics/Development/Reports/CampaignPerformance.prpt" isHidden="false" isSchedulable="true" locale="en_GB" title="CampaignPerformance"/>
        </ExportManifestProperty>
        <ExportManifestProperty>
            <EntityAcl>
                <entriesInheriting>true</entriesInheriting>
                <owner>admin</owner>
                <ownerType>USER</ownerType>
            </EntityAcl>
        </ExportManifestProperty>
    </ExportManifestEntity>
    <ExportManifestEntity path="SuiteCRM Analytics/Development/Reports/REPORT_GROUPS.prpt">
        <ExportManifestProperty>
            <EntityMetaData name="REPORT_GROUPS.prpt" createdDate="2019-02-12T12:06:57.231Z" isFolder="false" path="SuiteCRM Analytics/Development/Reports/REPORT_GROUPS.prpt" isHidden="false" isSchedulable="true" locale="en_GB" title="REPORT_GROUPS"/>
        </ExportManifestProperty>
        <ExportManifestProperty>
            <EntityAcl>
                <entriesInheriting>true</entriesInheriting>
                <owner>admin</owner>
                <ownerType>USER</ownerType>
            </EntityAcl>
        </ExportManifestProperty>
    </ExportManifestEntity>
    <ExportManifestEntity path="SuiteCRM Analytics/Development/Reports/REPORT_GROUPS_AND_DYNAMIC_COLUMNS.prpt">
        <ExportManifestProperty>
            <EntityMetaData name="REPORT_GROUPS_AND_DYNAMIC_COLUMNS.prpt" createdDate="2019-03-11T13:58:30.990Z" isFolder="false" path="SuiteCRM Analytics/Development/Reports/REPORT_GROUPS_AND_DYNAMIC_COLUMNS.prpt" isHidden="false" isSchedulable="true" locale="en_GB" title="REPORT_GROUPS_AND_DYNAMIC_COLUMNS"/>
        </ExportManifestProperty>
        <ExportManifestProperty>
            <EntityAcl>
                <entriesInheriting>true</entriesInheriting>
                <owner>admin</owner>
                <ownerType>USER</ownerType>
            </EntityAcl>
        </ExportManifestProperty>
    </ExportManifestEntity>
    <ExportManifestEntity path="SuiteCRM Analytics/Development/Reports/ReportCGGScaling.prpt">
        <ExportManifestProperty>
            <EntityMetaData name="ReportCGGScaling.prpt" createdDate="2019-02-12T12:03:12.801Z" isFolder="false" path="SuiteCRM Analytics/Development/Reports/ReportCGGScaling.prpt" isHidden="false" isSchedulable="true" locale="en_GB" title="ReportCGGScaling"/>
        </ExportManifestProperty>
        <ExportManifestProperty>
            <EntityAcl>
                <entriesInheriting>true</entriesInheriting>
                <owner>admin</owner>
                <ownerType>USER</ownerType>
            </EntityAcl>
        </ExportManifestProperty>
    </ExportManifestEntity>
    <ExportManifestEntity path="SuiteCRM Analytics/Development/Reports/SampleCGGReport.prpt">
        <ExportManifestProperty>
            <EntityMetaData name="SampleCGGReport.prpt" createdDate="2019-02-12T12:03:13.024Z" isFolder="false" path="SuiteCRM Analytics/Development/Reports/SampleCGGReport.prpt" isHidden="false" isSchedulable="true" locale="en_GB" title="SampleCGGReport"/>
        </ExportManifestProperty>
        <ExportManifestProperty>
            <EntityAcl>
                <entriesInheriting>true</entriesInheriting>
                <owner>admin</owner>
                <ownerType>USER</ownerType>
            </EntityAcl>
        </ExportManifestProperty>
    </ExportManifestEntity>
    <ExportManifestEntity path="SuiteCRM Analytics/Development/Reports/SampleCGGReportCDADatasource.prpt">
        <ExportManifestProperty>
            <EntityMetaData name="SampleCGGReportCDADatasource.prpt" createdDate="2019-02-12T12:03:13.156Z" isFolder="false" path="SuiteCRM Analytics/Development/Reports/SampleCGGReportCDADatasource.prpt" isHidden="false" isSchedulable="true" locale="en_GB" title="SampleCGGReportCDADatasource"/>
        </ExportManifestProperty>
        <ExportManifestProperty>
            <EntityAcl>
                <entriesInheriting>true</entriesInheriting>
                <owner>admin</owner>
                <ownerType>USER</ownerType>
            </EntityAcl>
        </ExportManifestProperty>
    </ExportManifestEntity>
    <ExportManifestEntity path="SuiteCRM Analytics/Development/Reports/SelectAllSQLFilerReport.prpt">
        <ExportManifestProperty>
            <EntityMetaData name="SelectAllSQLFilerReport.prpt" createdDate="2019-02-12T12:03:13.269Z" isFolder="false" path="SuiteCRM Analytics/Development/Reports/SelectAllSQLFilerReport.prpt" isHidden="false" isSchedulable="true" locale="en_GB" title="SelectAllSQLFilerReport"/>
        </ExportManifestProperty>
        <ExportManifestProperty>
            <EntityAcl>
                <entriesInheriting>true</entriesInheriting>
                <owner>admin</owner>
                <ownerType>USER</ownerType>
            </EntityAcl>
        </ExportManifestProperty>
    </ExportManifestEntity>
    <ExportManifestEntity path="SuiteCRM Analytics/Development/Reports/SuiteCRMAnalytics.prptstyle">
        <ExportManifestProperty>
            <EntityMetaData name="SuiteCRMAnalytics.prptstyle" createdDate="2019-02-12T12:03:13.356Z" isFolder="false" path="SuiteCRM Analytics/Development/Reports/SuiteCRMAnalytics.prptstyle" isHidden="true" isSchedulable="true" locale="en_GB" title="SuiteCRMAnalytics.prptstyle"/>
        </ExportManifestProperty>
        <ExportManifestProperty>
            <EntityAcl>
                <entriesInheriting>true</entriesInheriting>
                <owner>admin</owner>
                <ownerType>USER</ownerType>
            </EntityAcl>
        </ExportManifestProperty>
    </ExportManifestEntity>
    <ExportManifestEntity path="SuiteCRM Analytics/Development/Reports/default.prptstyle">
        <ExportManifestProperty>
            <EntityMetaData name="default.prptstyle" createdDate="2019-02-12T12:03:13.428Z" isFolder="false" path="SuiteCRM Analytics/Development/Reports/default.prptstyle" isHidden="true" isSchedulable="true" locale="en_GB" title="default.prptstyle"/>
        </ExportManifestProperty>
        <ExportManifestProperty>
            <EntityAcl>
                <entriesInheriting>true</entriesInheriting>
                <owner>admin</owner>
                <ownerType>USER</ownerType>
            </EntityAcl>
        </ExportManifestProperty>
    </ExportManifestEntity>
    <ExportManifestEntity path="SuiteCRM Analytics/Development/Reports/landscapeTemplate.prpt">
        <ExportManifestProperty>
            <EntityMetaData name="landscapeTemplate.prpt" createdDate="2019-02-12T12:03:13.557Z" isFolder="false" path="SuiteCRM Analytics/Development/Reports/landscapeTemplate.prpt" isHidden="false" isSchedulable="true" locale="en_GB" title="landscapeTemplate"/>
        </ExportManifestProperty>
        <ExportManifestProperty>
            <EntityAcl>
                <entriesInheriting>true</entriesInheriting>
                <owner>admin</owner>
                <ownerType>USER</ownerType>
            </EntityAcl>
        </ExportManifestProperty>
    </ExportManifestEntity>
    <ExportManifestEntity path="SuiteCRM Analytics/Development/Reports/portraitTemplate.prpt">
        <ExportManifestProperty>
            <EntityMetaData name="portraitTemplate.prpt" createdDate="2019-02-12T12:03:13.695Z" isFolder="false" path="SuiteCRM Analytics/Development/Reports/portraitTemplate.prpt" isHidden="false" isSchedulable="true" locale="en_GB" title="portraitTemplate"/>
        </ExportManifestProperty>
        <ExportManifestProperty>
            <EntityAcl>
                <entriesInheriting>true</entriesInheriting>
                <owner>admin</owner>
                <ownerType>USER</ownerType>
            </EntityAcl>
        </ExportManifestProperty>
    </ExportManifestEntity>
    <ExportManifestEntity path="SuiteCRM Analytics/Development/Reports/selectStyleReport.prpt">
        <ExportManifestProperty>
            <EntityMetaData name="selectStyleReport.prpt" createdDate="2019-02-12T12:03:13.865Z" isFolder="false" path="SuiteCRM Analytics/Development/Reports/selectStyleReport.prpt" isHidden="false" isSchedulable="true" locale="en_GB" title="selectStyleReport"/>
        </ExportManifestProperty>
        <ExportManifestProperty>
            <EntityAcl>
                <entriesInheriting>true</entriesInheriting>
                <owner>admin</owner>
                <ownerType>USER</ownerType>
            </EntityAcl>
        </ExportManifestProperty>
    </ExportManifestEntity>
    <ExportManifestEntity path="SuiteCRM Analytics/Development/Reports/style1.prptstyle">
        <ExportManifestProperty>
            <EntityMetaData name="style1.prptstyle" createdDate="2019-02-12T12:03:13.983Z" isFolder="false" path="SuiteCRM Analytics/Development/Reports/style1.prptstyle" isHidden="true" isSchedulable="true" locale="en_GB" title="style1.prptstyle"/>
        </ExportManifestProperty>
        <ExportManifestProperty>
            <EntityAcl>
                <entriesInheriting>true</entriesInheriting>
                <owner>admin</owner>
                <ownerType>USER</ownerType>
            </EntityAcl>
        </ExportManifestProperty>
    </ExportManifestEntity>
    <ExportManifestEntity path="SuiteCRM Analytics/Development/Reports/style2.prptstyle">
        <ExportManifestProperty>
            <EntityMetaData name="style2.prptstyle" createdDate="2019-02-12T12:03:14.098Z" isFolder="false" path="SuiteCRM Analytics/Development/Reports/style2.prptstyle" isHidden="true" isSchedulable="true" locale="en_GB" title="style2.prptstyle"/>
        </ExportManifestProperty>
        <ExportManifestProperty>
            <EntityAcl>
                <entriesInheriting>true</entriesInheriting>
                <owner>admin</owner>
                <ownerType>USER</ownerType>
            </EntityAcl>
        </ExportManifestProperty>
    </ExportManifestEntity>
    <ExportManifestEntity path="SuiteCRM Analytics/Development/Reports/suitecrm_logo.png">
        <ExportManifestProperty>
            <EntityMetaData name="suitecrm_logo.png" createdDate="2019-02-12T12:03:14.201Z" isFolder="false" path="SuiteCRM Analytics/Development/Reports/suitecrm_logo.png" isHidden="true" isSchedulable="true" locale="en_GB" title="suitecrm_logo.png"/>
        </ExportManifestProperty>
        <ExportManifestProperty>
            <EntityAcl>
                <entriesInheriting>true</entriesInheriting>
                <owner>admin</owner>
                <ownerType>USER</ownerType>
            </EntityAcl>
        </ExportManifestProperty>
    </ExportManifestEntity>
    <ExportManifestEntity path="SuiteCRM Analytics/Reports">
        <ExportManifestProperty>
            <EntityMetaData name="Reports" createdDate="2019-02-12T12:03:14.295Z" isFolder="true" path="SuiteCRM Analytics/Reports" isHidden="false" isSchedulable="true" locale="en_GB" title="Reports"/>
        </ExportManifestProperty>
        <ExportManifestProperty>
            <EntityAcl>
                <entriesInheriting>true</entriesInheriting>
                <owner>admin</owner>
                <ownerType>USER</ownerType>
            </EntityAcl>
        </ExportManifestProperty>
    </ExportManifestEntity>
    <ExportManifestEntity path="SuiteCRM Analytics/Reports/AgentCasePerformance.prpt">
        <ExportManifestProperty>
            <EntityMetaData name="AgentCasePerformance.prpt" createdDate="2019-02-13T11:30:27.396Z" isFolder="false" path="SuiteCRM Analytics/Reports/AgentCasePerformance.prpt" isHidden="false" isSchedulable="true" locale="en_GB" title="Agent Case Performance"/>
        </ExportManifestProperty>
        <ExportManifestProperty>
            <EntityAcl>
                <entriesInheriting>true</entriesInheriting>
                <owner>admin</owner>
                <ownerType>USER</ownerType>
            </EntityAcl>
        </ExportManifestProperty>
    </ExportManifestEntity>
    <ExportManifestEntity path="SuiteCRM Analytics/Reports/AgentLeadPerformance.prpt">
        <ExportManifestProperty>
            <EntityMetaData name="AgentLeadPerformance.prpt" createdDate="2019-02-14T18:55:03.461Z" isFolder="false" path="SuiteCRM Analytics/Reports/AgentLeadPerformance.prpt" isHidden="false" isSchedulable="true" locale="en_GB" title="Agent Lead Performance"/>
        </ExportManifestProperty>
        <ExportManifestProperty>
            <EntityAcl>
                <entriesInheriting>true</entriesInheriting>
                <owner>admin</owner>
                <ownerType>USER</ownerType>
            </EntityAcl>
        </ExportManifestProperty>
    </ExportManifestEntity>
    <ExportManifestEntity path="SuiteCRM Analytics/Reports/AgentOpportunityPerformance.prpt">
        <ExportManifestProperty>
            <EntityMetaData name="AgentOpportunityPerformance.prpt" createdDate="2019-02-12T13:47:39.134Z" isFolder="false" path="SuiteCRM Analytics/Reports/AgentOpportunityPerformance.prpt" isHidden="false" isSchedulable="true" locale="en_GB" title="Agent Opportunity Performance"/>
        </ExportManifestProperty>
        <ExportManifestProperty>
            <EntityAcl>
                <entriesInheriting>true</entriesInheriting>
                <owner>admin</owner>
                <ownerType>USER</ownerType>
            </EntityAcl>
        </ExportManifestProperty>
    </ExportManifestEntity>
    <ExportManifestEntity path="SuiteCRM Analytics/Reports/SuiteCRMAnalytics.prptstyle">
        <ExportManifestProperty>
            <EntityMetaData name="SuiteCRMAnalytics.prptstyle" createdDate="2019-02-12T12:05:48.186Z" isFolder="false" path="SuiteCRM Analytics/Reports/SuiteCRMAnalytics.prptstyle" isHidden="true" isSchedulable="true" locale="en_GB" title="SuiteCRMAnalytics.prptstyle"/>
        </ExportManifestProperty>
        <ExportManifestProperty>
            <EntityAcl>
                <entriesInheriting>true</entriesInheriting>
                <owner>admin</owner>
                <ownerType>USER</ownerType>
            </EntityAcl>
        </ExportManifestProperty>
    </ExportManifestEntity>
    <ExportManifestEntity path="SuiteCRM Analytics/Reports/accountOpportunityValue.prpt">
        <ExportManifestProperty>
            <EntityMetaData name="accountOpportunityValue.prpt" createdDate="2019-03-13T18:34:21.302Z" isFolder="false" path="SuiteCRM Analytics/Reports/accountOpportunityValue.prpt" isHidden="false" isSchedulable="true" locale="en_GB" title="Account Opportunity Value"/>
        </ExportManifestProperty>
        <ExportManifestProperty>
            <EntityAcl>
                <entriesInheriting>true</entriesInheriting>
                <owner>admin</owner>
                <ownerType>USER</ownerType>
            </EntityAcl>
        </ExportManifestProperty>
    </ExportManifestEntity>
    <ExportManifestEntity path="SuiteCRM Analytics/Reports/sample1.prpt">
        <ExportManifestProperty>
            <EntityMetaData name="sample1.prpt" createdDate="2019-03-08T16:37:22.980Z" isFolder="false" path="SuiteCRM Analytics/Reports/sample1.prpt" isHidden="false" isSchedulable="true" locale="en_GB" title="sample1"/>
        </ExportManifestProperty>
        <ExportManifestProperty>
            <EntityAcl>
                <entriesInheriting>true</entriesInheriting>
                <owner>admin</owner>
                <ownerType>USER</ownerType>
            </EntityAcl>
        </ExportManifestProperty>
    </ExportManifestEntity>
    <ExportManifestEntity path="SuiteCRM Analytics/Reports/suitecrm_logo.png">
        <ExportManifestProperty>
            <EntityMetaData name="suitecrm_logo.png" createdDate="2019-02-12T12:05:48.256Z" isFolder="false" path="SuiteCRM Analytics/Reports/suitecrm_logo.png" isHidden="true" isSchedulable="true" locale="en_GB" title="suitecrm_logo.png"/>
        </ExportManifestProperty>
        <ExportManifestProperty>
            <EntityAcl>
                <entriesInheriting>true</entriesInheriting>
                <owner>admin</owner>
                <ownerType>USER</ownerType>
            </EntityAcl>
        </ExportManifestProperty>
    </ExportManifestEntity>
    <ExportManifestEntity path="SuiteCRM Analytics/System">
        <ExportManifestProperty>
            <EntityMetaData name="System" createdDate="2019-02-12T12:03:14.311Z" isFolder="true" path="SuiteCRM Analytics/System" isHidden="false" isSchedulable="true" locale="en_GB" title="System"/>
        </ExportManifestProperty>
        <ExportManifestProperty>
            <EntityAcl>
                <entriesInheriting>true</entriesInheriting>
                <owner>admin</owner>
                <ownerType>USER</ownerType>
            </EntityAcl>
        </ExportManifestProperty>
    </ExportManifestEntity>
    <ExportManifestEntity path="SuiteCRM Analytics/System/Application">
        <ExportManifestProperty>
            <EntityMetaData name="Application" createdDate="2019-02-12T12:03:14.329Z" isFolder="true" path="SuiteCRM Analytics/System/Application" isHidden="false" isSchedulable="true" locale="en_GB" title="Application"/>
        </ExportManifestProperty>
        <ExportManifestProperty>
            <EntityAcl>
                <entriesInheriting>true</entriesInheriting>
                <owner>admin</owner>
                <ownerType>USER</ownerType>
            </EntityAcl>
        </ExportManifestProperty>
    </ExportManifestEntity>
    <ExportManifestEntity path="SuiteCRM Analytics/System/Application/SystemSetup.cda">
        <ExportManifestProperty>
            <EntityMetaData name="SystemSetup.cda" createdDate="2019-02-12T12:03:14.346Z" isFolder="false" path="SuiteCRM Analytics/System/Application/SystemSetup.cda" isHidden="false" isSchedulable="true" locale="en_GB" title="SystemSetup"/>
        </ExportManifestProperty>
        <ExportManifestProperty>
            <EntityAcl>
                <entriesInheriting>true</entriesInheriting>
                <owner>admin</owner>
                <ownerType>USER</ownerType>
            </EntityAcl>
        </ExportManifestProperty>
    </ExportManifestEntity>
    <ExportManifestEntity path="SuiteCRM Analytics/System/Application/SystemSetup.cdfde">
        <ExportManifestProperty>
            <EntityMetaData name="SystemSetup.cdfde" createdDate="2019-02-12T12:03:14.407Z" isFolder="false" path="SuiteCRM Analytics/System/Application/SystemSetup.cdfde" isHidden="false" isSchedulable="true" locale="en_GB" title="SystemSetup.cdfde"/>
        </ExportManifestProperty>
        <ExportManifestProperty>
            <EntityAcl>
                <entriesInheriting>true</entriesInheriting>
                <owner>admin</owner>
                <ownerType>USER</ownerType>
            </EntityAcl>
        </ExportManifestProperty>
    </ExportManifestEntity>
    <ExportManifestEntity path="SuiteCRM Analytics/System/Application/SystemSetup.wcdf">
        <ExportManifestProperty>
            <EntityMetaData name="SystemSetup.wcdf" createdDate="2019-02-12T12:03:14.483Z" isFolder="false" path="SuiteCRM Analytics/System/Application/SystemSetup.wcdf" isHidden="false" isSchedulable="true" locale="en_GB" title="SystemSetup.wcdf"/>
        </ExportManifestProperty>
        <ExportManifestProperty>
            <EntityAcl>
                <entriesInheriting>true</entriesInheriting>
                <owner>admin</owner>
                <ownerType>USER</ownerType>
            </EntityAcl>
        </ExportManifestProperty>
    </ExportManifestEntity>
    <ExportManifestEntity path="SuiteCRM Analytics/System/Application/addConnection.ktr">
        <ExportManifestProperty>
            <EntityMetaData name="addConnection.ktr" createdDate="2019-02-12T12:03:14.766Z" isFolder="false" path="SuiteCRM Analytics/System/Application/addConnection.ktr" isHidden="true" isSchedulable="true" locale="en_GB" title="addConnection"/>
        </ExportManifestProperty>
        <ExportManifestProperty>
            <EntityAcl>
                <entriesInheriting>true</entriesInheriting>
                <owner>admin</owner>
                <ownerType>USER</ownerType>
            </EntityAcl>
        </ExportManifestProperty>
    </ExportManifestEntity>
    <ExportManifestEntity path="SuiteCRM Analytics/System/Application/createTextFile.ktr">
        <ExportManifestProperty>
            <EntityMetaData name="createTextFile.ktr" createdDate="2019-02-12T12:03:15.403Z" isFolder="false" path="SuiteCRM Analytics/System/Application/createTextFile.ktr" isHidden="false" isSchedulable="true" locale="en_GB" title="createTextFile"/>
        </ExportManifestProperty>
        <ExportManifestProperty>
            <EntityAcl>
                <entriesInheriting>true</entriesInheriting>
                <owner>admin</owner>
                <ownerType>USER</ownerType>
            </EntityAcl>
        </ExportManifestProperty>
    </ExportManifestEntity>
    <ExportManifestEntity path="SuiteCRM Analytics/System/Application/getProperty.ktr">
        <ExportManifestProperty>
            <EntityMetaData name="getProperty.ktr" createdDate="2019-02-12T12:03:15.702Z" isFolder="false" path="SuiteCRM Analytics/System/Application/getProperty.ktr" isHidden="false" isSchedulable="true" locale="en_GB" title="getProperty"/>
        </ExportManifestProperty>
        <ExportManifestProperty>
            <EntityAcl>
                <entriesInheriting>true</entriesInheriting>
                <owner>admin</owner>
                <ownerType>USER</ownerType>
            </EntityAcl>
        </ExportManifestProperty>
    </ExportManifestEntity>
    <ExportManifestEntity path="SuiteCRM Analytics/System/Application/getVersions.ktr">
        <ExportManifestProperty>
            <EntityMetaData name="getVersions.ktr" createdDate="2019-02-12T12:03:15.974Z" isFolder="false" path="SuiteCRM Analytics/System/Application/getVersions.ktr" isHidden="false" isSchedulable="true" locale="en_GB" title="getVersions"/>
        </ExportManifestProperty>
        <ExportManifestProperty>
            <EntityAcl>
                <entriesInheriting>true</entriesInheriting>
                <owner>admin</owner>
                <ownerType>USER</ownerType>
            </EntityAcl>
        </ExportManifestProperty>
    </ExportManifestEntity>
    <ExportManifestEntity path="SuiteCRM Analytics/System/Application/keepAlive.ktr">
        <ExportManifestProperty>
            <EntityMetaData name="keepAlive.ktr" createdDate="2019-02-21T13:17:58.942Z" isFolder="false" path="SuiteCRM Analytics/System/Application/keepAlive.ktr" isHidden="true" isSchedulable="true" locale="en_GB" title="keepAlive"/>
        </ExportManifestProperty>
        <ExportManifestProperty>
            <EntityAcl>
                <entriesInheriting>true</entriesInheriting>
                <owner>admin</owner>
                <ownerType>USER</ownerType>
            </EntityAcl>
        </ExportManifestProperty>
    </ExportManifestEntity>
    <ExportManifestEntity path="SuiteCRM Analytics/System/Application/setProperty.ktr">
        <ExportManifestProperty>
            <EntityMetaData name="setProperty.ktr" createdDate="2019-02-12T12:03:16.340Z" isFolder="false" path="SuiteCRM Analytics/System/Application/setProperty.ktr" isHidden="false" isSchedulable="true" locale="en_GB" title="setProperty"/>
        </ExportManifestProperty>
        <ExportManifestProperty>
            <EntityAcl>
                <entriesInheriting>true</entriesInheriting>
                <owner>admin</owner>
                <ownerType>USER</ownerType>
            </EntityAcl>
        </ExportManifestProperty>
    </ExportManifestEntity>
    <ExportManifestEntity path="SuiteCRM Analytics/System/Resources">
        <ExportManifestProperty>
            <EntityMetaData name="Resources" createdDate="2019-02-12T12:03:17.092Z" isFolder="true" path="SuiteCRM Analytics/System/Resources" isHidden="false" isSchedulable="true" locale="en_GB" title="Resources"/>
        </ExportManifestProperty>
        <ExportManifestProperty>
            <EntityAcl>
                <entriesInheriting>true</entriesInheriting>
                <owner>admin</owner>
                <ownerType>USER</ownerType>
            </EntityAcl>
        </ExportManifestProperty>
    </ExportManifestEntity>
    <ExportManifestEntity path="SuiteCRM Analytics/System/Resources/CDA">
        <ExportManifestProperty>
            <EntityMetaData name="CDA" createdDate="2019-02-12T12:03:17.125Z" isFolder="true" path="SuiteCRM Analytics/System/Resources/CDA" isHidden="false" isSchedulable="true" locale="en_GB" title="CDA"/>
        </ExportManifestProperty>
        <ExportManifestProperty>
            <EntityAcl>
                <entriesInheriting>true</entriesInheriting>
                <owner>admin</owner>
                <ownerType>USER</ownerType>
            </EntityAcl>
        </ExportManifestProperty>
    </ExportManifestEntity>
    <ExportManifestEntity path="SuiteCRM Analytics/System/Resources/CDA/FILTERS.cda">
        <ExportManifestProperty>
            <EntityMetaData name="FILTERS.cda" createdDate="2019-02-16T14:46:20.973Z" isFolder="false" path="SuiteCRM Analytics/System/Resources/CDA/FILTERS.cda" isHidden="false" isSchedulable="true" locale="en_GB" title="FILTERS.cda"/>
        </ExportManifestProperty>
        <ExportManifestProperty>
            <EntityAcl>
                <entriesInheriting>true</entriesInheriting>
                <owner>admin</owner>
                <ownerType>USER</ownerType>
            </EntityAcl>
        </ExportManifestProperty>
    </ExportManifestEntity>
    <ExportManifestEntity path="SuiteCRM Analytics/System/Resources/CDA/FILTERS.cdfde">
        <ExportManifestProperty>
            <EntityMetaData name="FILTERS.cdfde" createdDate="2019-02-16T14:45:07.292Z" isFolder="false" path="SuiteCRM Analytics/System/Resources/CDA/FILTERS.cdfde" isHidden="false" isSchedulable="true" locale="en_GB" title="FILTERS.cdfde"/>
        </ExportManifestProperty>
        <ExportManifestProperty>
            <EntityAcl>
                <entriesInheriting>true</entriesInheriting>
                <owner>admin</owner>
                <ownerType>USER</ownerType>
            </EntityAcl>
        </ExportManifestProperty>
    </ExportManifestEntity>
    <ExportManifestEntity path="SuiteCRM Analytics/System/Resources/CDA/FILTERS.wcdf">
        <ExportManifestProperty>
            <EntityMetaData name="FILTERS.wcdf" createdDate="2019-02-16T14:45:07.211Z" isFolder="false" path="SuiteCRM Analytics/System/Resources/CDA/FILTERS.wcdf" isHidden="false" isSchedulable="true" locale="en_GB" description="FILTERS" title="FILTERS"/>
        </ExportManifestProperty>
        <ExportManifestProperty>
            <EntityAcl>
                <entriesInheriting>true</entriesInheriting>
                <owner>admin</owner>
                <ownerType>USER</ownerType>
            </EntityAcl>
        </ExportManifestProperty>
    </ExportManifestEntity>
    <ExportManifestEntity path="SuiteCRM Analytics/System/Resources/CDA/reporting_queries.cda">
        <ExportManifestProperty>
            <EntityMetaData name="reporting_queries.cda" createdDate="2019-02-12T12:03:17.248Z" isFolder="false" path="SuiteCRM Analytics/System/Resources/CDA/reporting_queries.cda" isHidden="false" isSchedulable="true" locale="en_GB" title="reporting_queries"/>
        </ExportManifestProperty>
        <ExportManifestProperty>
            <EntityAcl>
                <entriesInheriting>true</entriesInheriting>
                <owner>admin</owner>
                <ownerType>USER</ownerType>
            </EntityAcl>
        </ExportManifestProperty>
    </ExportManifestEntity>
    <ExportManifestEntity path="SuiteCRM Analytics/System/Resources/CDA/reporting_queries.cdfde">
        <ExportManifestProperty>
            <EntityMetaData name="reporting_queries.cdfde" createdDate="2019-02-12T12:03:17.304Z" isFolder="false" path="SuiteCRM Analytics/System/Resources/CDA/reporting_queries.cdfde" isHidden="false" isSchedulable="true" locale="en_GB" title="reporting_queries.cdfde"/>
        </ExportManifestProperty>
        <ExportManifestProperty>
            <EntityAcl>
                <entriesInheriting>true</entriesInheriting>
                <owner>admin</owner>
                <ownerType>USER</ownerType>
            </EntityAcl>
        </ExportManifestProperty>
    </ExportManifestEntity>
    <ExportManifestEntity path="SuiteCRM Analytics/System/Resources/CDA/reporting_queries.wcdf">
        <ExportManifestProperty>
            <EntityMetaData name="reporting_queries.wcdf" createdDate="2019-02-12T12:03:17.166Z" isFolder="false" path="SuiteCRM Analytics/System/Resources/CDA/reporting_queries.wcdf" isHidden="false" isSchedulable="true" locale="en_GB" title="reporting_queries.wcdf"/>
        </ExportManifestProperty>
        <ExportManifestProperty>
            <EntityAcl>
                <entriesInheriting>true</entriesInheriting>
                <owner>admin</owner>
                <ownerType>USER</ownerType>
            </EntityAcl>
        </ExportManifestProperty>
    </ExportManifestEntity>
    <ExportManifestEntity path="SuiteCRM Analytics/System/Resources/COMPONENTS">
        <ExportManifestProperty>
            <EntityMetaData name="COMPONENTS" createdDate="2019-02-12T12:03:17.352Z" isFolder="true" path="SuiteCRM Analytics/System/Resources/COMPONENTS" isHidden="false" isSchedulable="true" locale="en_GB" title="COMPONENTS"/>
        </ExportManifestProperty>
        <ExportManifestProperty>
            <EntityAcl>
                <entriesInheriting>true</entriesInheriting>
                <owner>admin</owner>
                <ownerType>USER</ownerType>
            </EntityAcl>
        </ExportManifestProperty>
    </ExportManifestEntity>
    <ExportManifestEntity path="SuiteCRM Analytics/System/Resources/COMPONENTS/UIComponent.cdfde">
        <ExportManifestProperty>
            <EntityMetaData name="UIComponent.cdfde" createdDate="2019-02-12T12:03:17.401Z" isFolder="false" path="SuiteCRM Analytics/System/Resources/COMPONENTS/UIComponent.cdfde" isHidden="false" isSchedulable="true" locale="en_GB" title="UIComponent.cdfde"/>
        </ExportManifestProperty>
        <ExportManifestProperty>
            <EntityAcl>
                <entriesInheriting>true</entriesInheriting>
                <owner>admin</owner>
                <ownerType>USER</ownerType>
            </EntityAcl>
        </ExportManifestProperty>
    </ExportManifestEntity>
    <ExportManifestEntity path="SuiteCRM Analytics/System/Resources/COMPONENTS/UIComponent.wcdf">
        <ExportManifestProperty>
            <EntityMetaData name="UIComponent.wcdf" createdDate="2019-02-12T12:03:17.507Z" isFolder="false" path="SuiteCRM Analytics/System/Resources/COMPONENTS/UIComponent.wcdf" isHidden="false" isSchedulable="true" locale="en_GB" title="UIComponent.wcdf"/>
        </ExportManifestProperty>
        <ExportManifestProperty>
            <EntityAcl>
                <entriesInheriting>true</entriesInheriting>
                <owner>admin</owner>
                <ownerType>USER</ownerType>
            </EntityAcl>
        </ExportManifestProperty>
    </ExportManifestEntity>
    <ExportManifestEntity path="SuiteCRM Analytics/System/Resources/CSS">
        <ExportManifestProperty>
            <EntityMetaData name="CSS" createdDate="2019-02-12T12:03:17.595Z" isFolder="true" path="SuiteCRM Analytics/System/Resources/CSS" isHidden="false" isSchedulable="true" locale="en_GB" title="CSS"/>
        </ExportManifestProperty>
        <ExportManifestProperty>
            <EntityAcl>
                <entriesInheriting>true</entriesInheriting>
                <owner>admin</owner>
                <ownerType>USER</ownerType>
            </EntityAcl>
        </ExportManifestProperty>
    </ExportManifestEntity>
    <ExportManifestEntity path="SuiteCRM Analytics/System/Resources/CSS/AdminLTE.css">
        <ExportManifestProperty>
            <EntityMetaData name="AdminLTE.css" createdDate="2019-02-12T12:03:17.666Z" isFolder="false" path="SuiteCRM Analytics/System/Resources/CSS/AdminLTE.css" isHidden="true" isSchedulable="true" locale="en_GB" title="AdminLTE.css"/>
        </ExportManifestProperty>
        <ExportManifestProperty>
            <EntityAcl>
                <entriesInheriting>true</entriesInheriting>
                <owner>admin</owner>
                <ownerType>USER</ownerType>
            </EntityAcl>
        </ExportManifestProperty>
    </ExportManifestEntity>
    <ExportManifestEntity path="SuiteCRM Analytics/System/Resources/CSS/style4.css">
        <ExportManifestProperty>
            <EntityMetaData name="style4.css" createdDate="2019-02-12T12:03:17.778Z" isFolder="false" path="SuiteCRM Analytics/System/Resources/CSS/style4.css" isHidden="true" isSchedulable="true" locale="en_GB" title="style4.css"/>
        </ExportManifestProperty>
        <ExportManifestProperty>
            <EntityAcl>
                <entriesInheriting>true</entriesInheriting>
                <owner>admin</owner>
                <ownerType>USER</ownerType>
            </EntityAcl>
        </ExportManifestProperty>
    </ExportManifestEntity>
    <ExportManifestEntity path="SuiteCRM Analytics/System/Resources/JS">
        <ExportManifestProperty>
            <EntityMetaData name="JS" createdDate="2019-02-12T12:03:17.857Z" isFolder="true" path="SuiteCRM Analytics/System/Resources/JS" isHidden="false" isSchedulable="true" locale="en_GB" title="JS"/>
        </ExportManifestProperty>
        <ExportManifestProperty>
            <EntityAcl>
                <entriesInheriting>true</entriesInheriting>
                <owner>admin</owner>
                <ownerType>USER</ownerType>
            </EntityAcl>
        </ExportManifestProperty>
    </ExportManifestEntity>
    <ExportManifestEntity path="SuiteCRM Analytics/System/Resources/JS/UIComponent.js">
        <ExportManifestProperty>
            <EntityMetaData name="UIComponent.js" createdDate="2019-02-12T12:03:17.903Z" isFolder="false" path="SuiteCRM Analytics/System/Resources/JS/UIComponent.js" isHidden="true" isSchedulable="true" locale="en_GB" title="UIComponent.js"/>
        </ExportManifestProperty>
        <ExportManifestProperty>
            <EntityAcl>
                <entriesInheriting>true</entriesInheriting>
                <owner>admin</owner>
                <ownerType>USER</ownerType>
            </EntityAcl>
        </ExportManifestProperty>
    </ExportManifestEntity>
    <ExportManifestEntity path="SuiteCRM Analytics/System/Resources/JS/adminlte.js">
        <ExportManifestProperty>
            <EntityMetaData name="adminlte.js" createdDate="2019-02-12T12:03:17.984Z" isFolder="false" path="SuiteCRM Analytics/System/Resources/JS/adminlte.js" isHidden="true" isSchedulable="true" locale="en_GB" title="adminlte.js"/>
        </ExportManifestProperty>
        <ExportManifestProperty>
            <EntityAcl>
                <entriesInheriting>true</entriesInheriting>
                <owner>admin</owner>
                <ownerType>USER</ownerType>
            </EntityAcl>
        </ExportManifestProperty>
    </ExportManifestEntity>
    <ExportManifestEntity path="SuiteCRM Analytics/System/Resources/JS/analytics-legacy.js">
        <ExportManifestProperty>
            <EntityMetaData name="analytics-legacy.js" createdDate="2019-02-12T12:03:18.092Z" isFolder="false" path="SuiteCRM Analytics/System/Resources/JS/analytics-legacy.js" isHidden="true" isSchedulable="true" locale="en_GB" title="analytics-legacy.js"/>
        </ExportManifestProperty>
        <ExportManifestProperty>
            <EntityAcl>
                <entriesInheriting>true</entriesInheriting>
                <owner>admin</owner>
                <ownerType>USER</ownerType>
            </EntityAcl>
        </ExportManifestProperty>
    </ExportManifestEntity>
    <ExportManifestEntity path="SuiteCRM Analytics/System/Resources/JS/analytics.js">
        <ExportManifestProperty>
            <EntityMetaData name="analytics.js" createdDate="2019-02-12T12:03:18.181Z" isFolder="false" path="SuiteCRM Analytics/System/Resources/JS/analytics.js" isHidden="true" isSchedulable="true" locale="en_GB" title="analytics.js"/>
        </ExportManifestProperty>
        <ExportManifestProperty>
            <EntityAcl>
                <entriesInheriting>true</entriesInheriting>
                <owner>admin</owner>
                <ownerType>USER</ownerType>
            </EntityAcl>
        </ExportManifestProperty>
    </ExportManifestEntity>
    <ExportManifestEntity path="SuiteCRM Analytics/System/Resources/JS/branding.js">
        <ExportManifestProperty>
            <EntityMetaData name="branding.js" createdDate="2019-02-12T12:03:18.250Z" isFolder="false" path="SuiteCRM Analytics/System/Resources/JS/branding.js" isHidden="true" isSchedulable="true" locale="en_GB" title="branding.js"/>
        </ExportManifestProperty>
        <ExportManifestProperty>
            <EntityAcl>
                <entriesInheriting>true</entriesInheriting>
                <owner>admin</owner>
                <ownerType>USER</ownerType>
            </EntityAcl>
        </ExportManifestProperty>
    </ExportManifestEntity>
    <ExportManifestEntity path="SuiteCRM Analytics/System/Resources/JS/colours.js">
        <ExportManifestProperty>
            <EntityMetaData name="colours.js" createdDate="2019-02-12T12:03:18.320Z" isFolder="false" path="SuiteCRM Analytics/System/Resources/JS/colours.js" isHidden="true" isSchedulable="true" locale="en_GB" title="colours.js"/>
        </ExportManifestProperty>
        <ExportManifestProperty>
            <EntityAcl>
                <entriesInheriting>true</entriesInheriting>
                <owner>admin</owner>
                <ownerType>USER</ownerType>
            </EntityAcl>
        </ExportManifestProperty>
    </ExportManifestEntity>
    <ExportManifestEntity path="SuiteCRM Analytics/System/Resources/JS/coloursRequire.js">
        <ExportManifestProperty>
            <EntityMetaData name="coloursRequire.js" createdDate="2019-02-12T12:03:18.387Z" isFolder="false" path="SuiteCRM Analytics/System/Resources/JS/coloursRequire.js" isHidden="true" isSchedulable="true" locale="en_GB" title="coloursRequire.js"/>
        </ExportManifestProperty>
        <ExportManifestProperty>
            <EntityAcl>
                <entriesInheriting>true</entriesInheriting>
                <owner>admin</owner>
                <ownerType>USER</ownerType>
            </EntityAcl>
        </ExportManifestProperty>
    </ExportManifestEntity>
    <ExportManifestEntity path="SuiteCRM Analytics/System/Resources/JS/overview.js">
        <ExportManifestProperty>
            <EntityMetaData name="overview.js" createdDate="2019-02-12T12:03:18.481Z" isFolder="false" path="SuiteCRM Analytics/System/Resources/JS/overview.js" isHidden="true" isSchedulable="true" locale="en_GB" title="overview.js"/>
        </ExportManifestProperty>
        <ExportManifestProperty>
            <EntityAcl>
                <entriesInheriting>true</entriesInheriting>
                <owner>admin</owner>
                <ownerType>USER</ownerType>
            </EntityAcl>
        </ExportManifestProperty>
    </ExportManifestEntity>
    <ExportManifestEntity path="SuiteCRM Analytics/System/Resources/REPORTS">
        <ExportManifestProperty>
            <EntityMetaData name="REPORTS" createdDate="2019-02-12T12:03:18.560Z" isFolder="true" path="SuiteCRM Analytics/System/Resources/REPORTS" isHidden="false" isSchedulable="true" locale="en_GB" title="REPORTS"/>
        </ExportManifestProperty>
        <ExportManifestProperty>
            <EntityAcl>
                <entriesInheriting>true</entriesInheriting>
                <owner>admin</owner>
                <ownerType>USER</ownerType>
            </EntityAcl>
        </ExportManifestProperty>
    </ExportManifestEntity>
    <ExportManifestEntity path="SuiteCRM Analytics/System/Resources/REPORTS/BAR_COUNT_CASE_STATUS.js">
        <ExportManifestProperty>
            <EntityMetaData name="BAR_COUNT_CASE_STATUS.js" createdDate="2019-02-13T13:54:14.204Z" isFolder="false" path="SuiteCRM Analytics/System/Resources/REPORTS/BAR_COUNT_CASE_STATUS.js" isHidden="false" isSchedulable="true" locale="en_GB" title="BAR_COUNT_CASE_STATUS.js"/>
        </ExportManifestProperty>
        <ExportManifestProperty>
            <EntityAcl>
                <entriesInheriting>true</entriesInheriting>
                <owner>admin</owner>
                <ownerType>USER</ownerType>
            </EntityAcl>
        </ExportManifestProperty>
    </ExportManifestEntity>
    <ExportManifestEntity path="SuiteCRM Analytics/System/Resources/REPORTS/BAR_COUNT_LEAD_STATUS.js">
        <ExportManifestProperty>
            <EntityMetaData name="BAR_COUNT_LEAD_STATUS.js" createdDate="2019-02-15T10:27:43.984Z" isFolder="false" path="SuiteCRM Analytics/System/Resources/REPORTS/BAR_COUNT_LEAD_STATUS.js" isHidden="false" isSchedulable="true" locale="en_GB" title="BAR_COUNT_LEAD_STATUS.js"/>
        </ExportManifestProperty>
        <ExportManifestProperty>
            <EntityAcl>
                <entriesInheriting>true</entriesInheriting>
                <owner>admin</owner>
                <ownerType>USER</ownerType>
            </EntityAcl>
        </ExportManifestProperty>
    </ExportManifestEntity>
    <ExportManifestEntity path="SuiteCRM Analytics/System/Resources/REPORTS/BAR_DUMMY.js">
        <ExportManifestProperty>
            <EntityMetaData name="BAR_DUMMY.js" createdDate="2019-02-12T12:03:18.621Z" isFolder="false" path="SuiteCRM Analytics/System/Resources/REPORTS/BAR_DUMMY.js" isHidden="false" isSchedulable="true" locale="en_GB" title="BAR_DUMMY.js"/>
        </ExportManifestProperty>
        <ExportManifestProperty>
            <EntityAcl>
                <entriesInheriting>true</entriesInheriting>
                <owner>admin</owner>
                <ownerType>USER</ownerType>
            </EntityAcl>
        </ExportManifestProperty>
    </ExportManifestEntity>
    <ExportManifestEntity path="SuiteCRM Analytics/System/Resources/REPORTS/CHARTS.cda">
        <ExportManifestProperty>
            <EntityMetaData name="CHARTS.cda" createdDate="2019-02-12T12:05:50.366Z" isFolder="false" path="SuiteCRM Analytics/System/Resources/REPORTS/CHARTS.cda" isHidden="false" isSchedulable="true" locale="en_GB" title="CHARTS"/>
        </ExportManifestProperty>
        <ExportManifestProperty>
            <EntityAcl>
                <entriesInheriting>true</entriesInheriting>
                <owner>admin</owner>
                <ownerType>USER</ownerType>
            </EntityAcl>
        </ExportManifestProperty>
    </ExportManifestEntity>
    <ExportManifestEntity path="SuiteCRM Analytics/System/Resources/REPORTS/CHARTS.cdfde">
        <ExportManifestProperty>
            <EntityMetaData name="CHARTS.cdfde" createdDate="2019-02-12T12:05:50.386Z" isFolder="false" path="SuiteCRM Analytics/System/Resources/REPORTS/CHARTS.cdfde" isHidden="false" isSchedulable="true" locale="en_GB" title="CHARTS.cdfde"/>
        </ExportManifestProperty>
        <ExportManifestProperty>
            <EntityAcl>
                <entriesInheriting>true</entriesInheriting>
                <owner>admin</owner>
                <ownerType>USER</ownerType>
            </EntityAcl>
        </ExportManifestProperty>
    </ExportManifestEntity>
    <ExportManifestEntity path="SuiteCRM Analytics/System/Resources/REPORTS/CHARTS.wcdf">
        <ExportManifestProperty>
            <EntityMetaData name="CHARTS.wcdf" createdDate="2019-02-12T12:05:50.345Z" isFolder="false" path="SuiteCRM Analytics/System/Resources/REPORTS/CHARTS.wcdf" isHidden="false" isSchedulable="true" locale="en_GB" title="CHARTS.wcdf"/>
        </ExportManifestProperty>
        <ExportManifestProperty>
            <EntityAcl>
                <entriesInheriting>true</entriesInheriting>
                <owner>admin</owner>
                <ownerType>USER</ownerType>
            </EntityAcl>
        </ExportManifestProperty>
    </ExportManifestEntity>
    <ExportManifestEntity path="SuiteCRM Analytics/System/Resources/REPORTS/CHARTS_BAR_COUNT_CASE_STATUS.js">
        <ExportManifestProperty>
            <EntityMetaData name="CHARTS_BAR_COUNT_CASE_STATUS.js" createdDate="2019-02-13T13:54:14.174Z" isFolder="false" path="SuiteCRM Analytics/System/Resources/REPORTS/CHARTS_BAR_COUNT_CASE_STATUS.js" isHidden="false" isSchedulable="true" locale="en_GB" title="CHARTS_BAR_COUNT_CASE_STATUS.js"/>
        </ExportManifestProperty>
        <ExportManifestProperty>
            <EntityAcl>
                <entriesInheriting>true</entriesInheriting>
                <owner>admin</owner>
                <ownerType>USER</ownerType>
            </EntityAcl>
        </ExportManifestProperty>
    </ExportManifestEntity>
    <ExportManifestEntity path="SuiteCRM Analytics/System/Resources/REPORTS/CHARTS_BAR_COUNT_LEAD_STATUS.js">
        <ExportManifestProperty>
            <EntityMetaData name="CHARTS_BAR_COUNT_LEAD_STATUS.js" createdDate="2019-02-15T10:27:43.912Z" isFolder="false" path="SuiteCRM Analytics/System/Resources/REPORTS/CHARTS_BAR_COUNT_LEAD_STATUS.js" isHidden="false" isSchedulable="true" locale="en_GB" title="CHARTS_BAR_COUNT_LEAD_STATUS.js"/>
        </ExportManifestProperty>
        <ExportManifestProperty>
            <EntityAcl>
                <entriesInheriting>true</entriesInheriting>
                <owner>admin</owner>
                <ownerType>USER</ownerType>
            </EntityAcl>
        </ExportManifestProperty>
    </ExportManifestEntity>
    <ExportManifestEntity path="SuiteCRM Analytics/System/Resources/REPORTS/CHARTS_DOT_CHART_1.js">
        <ExportManifestProperty>
            <EntityMetaData name="CHARTS_DOT_CHART_1.js" createdDate="2019-02-12T12:05:50.405Z" isFolder="false" path="SuiteCRM Analytics/System/Resources/REPORTS/CHARTS_DOT_CHART_1.js" isHidden="false" isSchedulable="true" locale="en_GB" title="CHARTS_DOT_CHART_1.js"/>
        </ExportManifestProperty>
        <ExportManifestProperty>
            <EntityAcl>
                <entriesInheriting>true</entriesInheriting>
                <owner>admin</owner>
                <ownerType>USER</ownerType>
            </EntityAcl>
        </ExportManifestProperty>
    </ExportManifestEntity>
    <ExportManifestEntity path="SuiteCRM Analytics/System/Resources/REPORTS/CHARTS_PIE_COUNT_CASE_STATUS.js">
        <ExportManifestProperty>
            <EntityMetaData name="CHARTS_PIE_COUNT_CASE_STATUS.js" createdDate="2019-02-13T14:30:06.672Z" isFolder="false" path="SuiteCRM Analytics/System/Resources/REPORTS/CHARTS_PIE_COUNT_CASE_STATUS.js" isHidden="false" isSchedulable="true" locale="en_GB" title="CHARTS_PIE_COUNT_CASE_STATUS.js"/>
        </ExportManifestProperty>
        <ExportManifestProperty>
            <EntityAcl>
                <entriesInheriting>true</entriesInheriting>
                <owner>admin</owner>
                <ownerType>USER</ownerType>
            </EntityAcl>
        </ExportManifestProperty>
    </ExportManifestEntity>
    <ExportManifestEntity path="SuiteCRM Analytics/System/Resources/REPORTS/DOT_CHART_1.js">
        <ExportManifestProperty>
            <EntityMetaData name="DOT_CHART_1.js" createdDate="2019-02-12T12:05:50.425Z" isFolder="false" path="SuiteCRM Analytics/System/Resources/REPORTS/DOT_CHART_1.js" isHidden="false" isSchedulable="true" locale="en_GB" title="DOT_CHART_1.js"/>
        </ExportManifestProperty>
        <ExportManifestProperty>
            <EntityAcl>
                <entriesInheriting>true</entriesInheriting>
                <owner>admin</owner>
                <ownerType>USER</ownerType>
            </EntityAcl>
        </ExportManifestProperty>
    </ExportManifestEntity>
    <ExportManifestEntity path="SuiteCRM Analytics/System/Resources/REPORTS/LINE_DUMMY.js">
        <ExportManifestProperty>
            <EntityMetaData name="LINE_DUMMY.js" createdDate="2019-02-12T12:03:18.702Z" isFolder="false" path="SuiteCRM Analytics/System/Resources/REPORTS/LINE_DUMMY.js" isHidden="false" isSchedulable="true" locale="en_GB" title="LINE_DUMMY.js"/>
        </ExportManifestProperty>
        <ExportManifestProperty>
            <EntityAcl>
                <entriesInheriting>true</entriesInheriting>
                <owner>admin</owner>
                <ownerType>USER</ownerType>
            </EntityAcl>
        </ExportManifestProperty>
    </ExportManifestEntity>
    <ExportManifestEntity path="SuiteCRM Analytics/System/Resources/REPORTS/PIE_COUNT_CASE_STATUS.js">
        <ExportManifestProperty>
            <EntityMetaData name="PIE_COUNT_CASE_STATUS.js" createdDate="2019-02-13T14:30:06.711Z" isFolder="false" path="SuiteCRM Analytics/System/Resources/REPORTS/PIE_COUNT_CASE_STATUS.js" isHidden="false" isSchedulable="true" locale="en_GB" title="PIE_COUNT_CASE_STATUS.js"/>
        </ExportManifestProperty>
        <ExportManifestProperty>
            <EntityAcl>
                <entriesInheriting>true</entriesInheriting>
                <owner>admin</owner>
                <ownerType>USER</ownerType>
            </EntityAcl>
        </ExportManifestProperty>
    </ExportManifestEntity>
    <ExportManifestEntity path="SuiteCRM Analytics/System/Resources/REPORTS/PIE_DUMMY.js">
        <ExportManifestProperty>
            <EntityMetaData name="PIE_DUMMY.js" createdDate="2019-02-12T12:03:18.775Z" isFolder="false" path="SuiteCRM Analytics/System/Resources/REPORTS/PIE_DUMMY.js" isHidden="false" isSchedulable="true" locale="en_GB" title="PIE_DUMMY.js"/>
        </ExportManifestProperty>
        <ExportManifestProperty>
            <EntityAcl>
                <entriesInheriting>true</entriesInheriting>
                <owner>admin</owner>
                <ownerType>USER</ownerType>
            </EntityAcl>
        </ExportManifestProperty>
    </ExportManifestEntity>
    <ExportManifestEntity path="SuiteCRM Analytics/System/Resources/REPORTS/reporting_charts.cda">
        <ExportManifestProperty>
            <EntityMetaData name="reporting_charts.cda" createdDate="2019-02-12T12:03:18.848Z" isFolder="false" path="SuiteCRM Analytics/System/Resources/REPORTS/reporting_charts.cda" isHidden="false" isSchedulable="true" locale="en_GB" title="reporting_charts"/>
        </ExportManifestProperty>
        <ExportManifestProperty>
            <EntityAcl>
                <entriesInheriting>true</entriesInheriting>
                <owner>admin</owner>
                <ownerType>USER</ownerType>
            </EntityAcl>
        </ExportManifestProperty>
    </ExportManifestEntity>
    <ExportManifestEntity path="SuiteCRM Analytics/System/Resources/REPORTS/reporting_charts.cdfde">
        <ExportManifestProperty>
            <EntityMetaData name="reporting_charts.cdfde" createdDate="2019-02-12T12:03:18.937Z" isFolder="false" path="SuiteCRM Analytics/System/Resources/REPORTS/reporting_charts.cdfde" isHidden="false" isSchedulable="true" locale="en_GB" title="reporting_charts.cdfde"/>
        </ExportManifestProperty>
        <ExportManifestProperty>
            <EntityAcl>
                <entriesInheriting>true</entriesInheriting>
                <owner>admin</owner>
                <ownerType>USER</ownerType>
            </EntityAcl>
        </ExportManifestProperty>
    </ExportManifestEntity>
    <ExportManifestEntity path="SuiteCRM Analytics/System/Resources/REPORTS/reporting_charts.wcdf">
        <ExportManifestProperty>
            <EntityMetaData name="reporting_charts.wcdf" createdDate="2019-02-12T12:03:19.024Z" isFolder="false" path="SuiteCRM Analytics/System/Resources/REPORTS/reporting_charts.wcdf" isHidden="false" isSchedulable="true" locale="en_GB" title="reporting_charts.wcdf"/>
        </ExportManifestProperty>
        <ExportManifestProperty>
            <EntityAcl>
                <entriesInheriting>true</entriesInheriting>
                <owner>admin</owner>
                <ownerType>USER</ownerType>
            </EntityAcl>
        </ExportManifestProperty>
    </ExportManifestEntity>
    <ExportManifestEntity path="SuiteCRM Analytics/System/Resources/REPORTS/reporting_charts_BAR_DUMMY.js">
        <ExportManifestProperty>
            <EntityMetaData name="reporting_charts_BAR_DUMMY.js" createdDate="2019-02-12T12:03:19.114Z" isFolder="false" path="SuiteCRM Analytics/System/Resources/REPORTS/reporting_charts_BAR_DUMMY.js" isHidden="false" isSchedulable="true" locale="en_GB" title="reporting_charts_BAR_DUMMY.js"/>
        </ExportManifestProperty>
        <ExportManifestProperty>
            <EntityAcl>
                <entriesInheriting>true</entriesInheriting>
                <owner>admin</owner>
                <ownerType>USER</ownerType>
            </EntityAcl>
        </ExportManifestProperty>
    </ExportManifestEntity>
    <ExportManifestEntity path="SuiteCRM Analytics/System/Resources/REPORTS/reporting_charts_LINE_DUMMY.js">
        <ExportManifestProperty>
            <EntityMetaData name="reporting_charts_LINE_DUMMY.js" createdDate="2019-02-12T12:03:19.164Z" isFolder="false" path="SuiteCRM Analytics/System/Resources/REPORTS/reporting_charts_LINE_DUMMY.js" isHidden="false" isSchedulable="true" locale="en_GB" title="reporting_charts_LINE_DUMMY.js"/>
        </ExportManifestProperty>
        <ExportManifestProperty>
            <EntityAcl>
                <entriesInheriting>true</entriesInheriting>
                <owner>admin</owner>
                <ownerType>USER</ownerType>
            </EntityAcl>
        </ExportManifestProperty>
    </ExportManifestEntity>
    <ExportManifestEntity path="SuiteCRM Analytics/System/Resources/REPORTS/reporting_charts_PIE_DUMMY.js">
        <ExportManifestProperty>
            <EntityMetaData name="reporting_charts_PIE_DUMMY.js" createdDate="2019-02-12T12:03:19.253Z" isFolder="false" path="SuiteCRM Analytics/System/Resources/REPORTS/reporting_charts_PIE_DUMMY.js" isHidden="false" isSchedulable="true" locale="en_GB" title="reporting_charts_PIE_DUMMY.js"/>
        </ExportManifestProperty>
        <ExportManifestProperty>
            <EntityAcl>
                <entriesInheriting>true</entriesInheriting>
                <owner>admin</owner>
                <ownerType>USER</ownerType>
            </EntityAcl>
        </ExportManifestProperty>
    </ExportManifestEntity>
    <ExportManifestEntity path="SuiteCRM Analytics/System/Resources/REPORTS/reporting_charts_tmp.cda">
        <ExportManifestProperty>
            <EntityMetaData name="reporting_charts_tmp.cda" createdDate="2019-02-12T12:03:19.348Z" isFolder="false" path="SuiteCRM Analytics/System/Resources/REPORTS/reporting_charts_tmp.cda" isHidden="false" isSchedulable="true" locale="en_GB" title="reporting_charts_tmp"/>
        </ExportManifestProperty>
        <ExportManifestProperty>
            <EntityAcl>
                <entriesInheriting>true</entriesInheriting>
                <owner>admin</owner>
                <ownerType>USER</ownerType>
            </EntityAcl>
        </ExportManifestProperty>
    </ExportManifestEntity>
    <ExportManifestEntity path="SuiteCRM Analytics/System/Resources/REPORTS/reporting_charts_tmp.cdfde">
        <ExportManifestProperty>
            <EntityMetaData name="reporting_charts_tmp.cdfde" createdDate="2019-02-12T12:03:19.444Z" isFolder="false" path="SuiteCRM Analytics/System/Resources/REPORTS/reporting_charts_tmp.cdfde" isHidden="false" isSchedulable="true" locale="en_GB" title="reporting_charts_tmp.cdfde"/>
        </ExportManifestProperty>
        <ExportManifestProperty>
            <EntityAcl>
                <entriesInheriting>true</entriesInheriting>
                <owner>admin</owner>
                <ownerType>USER</ownerType>
            </EntityAcl>
        </ExportManifestProperty>
    </ExportManifestEntity>
    <ExportManifestEntity path="SuiteCRM Analytics/System/Resources/REPORTS/reporting_charts_tmp.wcdf">
        <ExportManifestProperty>
            <EntityMetaData name="reporting_charts_tmp.wcdf" createdDate="2019-02-12T12:03:19.512Z" isFolder="false" path="SuiteCRM Analytics/System/Resources/REPORTS/reporting_charts_tmp.wcdf" isHidden="false" isSchedulable="true" locale="en_GB" title="reporting_charts_tmp.wcdf"/>
        </ExportManifestProperty>
        <ExportManifestProperty>
            <EntityAcl>
                <entriesInheriting>true</entriesInheriting>
                <owner>admin</owner>
                <ownerType>USER</ownerType>
            </EntityAcl>
        </ExportManifestProperty>
    </ExportManifestEntity>
    <ExportManifestEntity path="SuiteCRM Analytics/System/Resources/SAMPLES">
        <ExportManifestProperty>
            <EntityMetaData name="SAMPLES" createdDate="2019-03-08T16:36:25.556Z" isFolder="true" path="SuiteCRM Analytics/System/Resources/SAMPLES" isHidden="false" isSchedulable="true" locale="en_GB" title="SAMPLES"/>
        </ExportManifestProperty>
        <ExportManifestProperty>
            <EntityAcl>
                <entriesInheriting>true</entriesInheriting>
                <owner>admin</owner>
                <ownerType>USER</ownerType>
            </EntityAcl>
        </ExportManifestProperty>
    </ExportManifestEntity>
    <ExportManifestEntity path="SuiteCRM Analytics/System/Resources/SAMPLES/sample1.prpt">
        <ExportManifestProperty>
            <EntityMetaData name="sample1.prpt" createdDate="2019-03-08T16:36:41.898Z" isFolder="false" path="SuiteCRM Analytics/System/Resources/SAMPLES/sample1.prpt" isHidden="false" isSchedulable="true" locale="en_GB" title="sample1"/>
        </ExportManifestProperty>
        <ExportManifestProperty>
            <EntityAcl>
                <entriesInheriting>true</entriesInheriting>
                <owner>admin</owner>
                <ownerType>USER</ownerType>
            </EntityAcl>
        </ExportManifestProperty>
    </ExportManifestEntity>
    <ExportManifestEntity path="SuiteCRM Analytics/System/Resources/TEMPLATES">
        <ExportManifestProperty>
            <EntityMetaData name="TEMPLATES" createdDate="2019-03-04T14:34:25.279Z" isFolder="true" path="SuiteCRM Analytics/System/Resources/TEMPLATES" isHidden="false" isSchedulable="true" locale="en_GB" title="TEMPLATES"/>
        </ExportManifestProperty>
        <ExportManifestProperty>
            <EntityAcl>
                <entriesInheriting>true</entriesInheriting>
                <owner>admin</owner>
                <ownerType>USER</ownerType>
            </EntityAcl>
        </ExportManifestProperty>
    </ExportManifestEntity>
    <ExportManifestEntity path="SuiteCRM Analytics/System/Resources/TEMPLATES/SuiteCRMAnalytics.prptstyle">
        <ExportManifestProperty>
            <EntityMetaData name="SuiteCRMAnalytics.prptstyle" createdDate="2019-03-04T14:35:10.325Z" isFolder="false" path="SuiteCRM Analytics/System/Resources/TEMPLATES/SuiteCRMAnalytics.prptstyle" isHidden="true" isSchedulable="true" locale="en_GB" title="SuiteCRMAnalytics.prptstyle"/>
        </ExportManifestProperty>
        <ExportManifestProperty>
            <EntityAcl>
                <entriesInheriting>true</entriesInheriting>
                <owner>admin</owner>
                <ownerType>USER</ownerType>
            </EntityAcl>
        </ExportManifestProperty>
    </ExportManifestEntity>
    <ExportManifestEntity path="SuiteCRM Analytics/System/Resources/TEMPLATES/landscapeTemplate.prpt">
        <ExportManifestProperty>
            <EntityMetaData name="landscapeTemplate.prpt" createdDate="2019-03-04T14:34:45.278Z" isFolder="false" path="SuiteCRM Analytics/System/Resources/TEMPLATES/landscapeTemplate.prpt" isHidden="false" isSchedulable="true" locale="en_GB" title="landscapeTemplate"/>
        </ExportManifestProperty>
        <ExportManifestProperty>
            <EntityAcl>
                <entriesInheriting>true</entriesInheriting>
                <owner>admin</owner>
                <ownerType>USER</ownerType>
            </EntityAcl>
        </ExportManifestProperty>
    </ExportManifestEntity>
    <ExportManifestEntity path="SuiteCRM Analytics/System/Resources/TEMPLATES/portraitTemplate.prpt">
        <ExportManifestProperty>
            <EntityMetaData name="portraitTemplate.prpt" createdDate="2019-03-04T14:34:45.394Z" isFolder="false" path="SuiteCRM Analytics/System/Resources/TEMPLATES/portraitTemplate.prpt" isHidden="false" isSchedulable="true" locale="en_GB" title="portraitTemplate"/>
        </ExportManifestProperty>
        <ExportManifestProperty>
            <EntityAcl>
                <entriesInheriting>true</entriesInheriting>
                <owner>admin</owner>
                <ownerType>USER</ownerType>
            </EntityAcl>
        </ExportManifestProperty>
    </ExportManifestEntity>
    <ExportManifestEntity path="SuiteCRM Analytics/System/Resources/TEMPLATES/suitecrm_logo.png">
        <ExportManifestProperty>
            <EntityMetaData name="suitecrm_logo.png" createdDate="2019-03-04T14:35:10.227Z" isFolder="false" path="SuiteCRM Analytics/System/Resources/TEMPLATES/suitecrm_logo.png" isHidden="true" isSchedulable="true" locale="en_GB" title="suitecrm_logo.png"/>
        </ExportManifestProperty>
        <ExportManifestProperty>
            <EntityAcl>
                <entriesInheriting>true</entriesInheriting>
                <owner>admin</owner>
                <ownerType>USER</ownerType>
            </EntityAcl>
        </ExportManifestProperty>
    </ExportManifestEntity>
</ns2:ExportManifest>
